"abura","油；沙拉油"
"adis","帶走"
"ado","因為"
"aguh","過來(叫人時)"
"ahing","肩膀"
"aji","味道(日語)"
"alang","部落；地區；國家"
"ali gdregan","星期日"
"ali","日子"
"aliali","天天；常常"
"ama","女婿"
"anaq so kenu","不論"
"anaq","不論"
"ane","舅子( 丈夫與妻子兄弟之互稱 )"
"angu","弟媳"
"anu","因為"
"aring","桃"
"ariq","疤"
"arung","穿山甲"
"asi","必須；一定；馬上"
"asu","船"
"asu","豬槽；船隻"
"ata","嫂嫂"
"atak","剪；理 ( 頭髮 )；剪刀"
"atak","剪刀"
"ayu","峽谷"
"ba","很"
"babuy","豬"
"baciq","肥皂"
"baga iril","左手"
"baga","手"
"bagah","木炭；炭火"
"bais","窗戶"
"baka","足夠"
"baki baga","拇指"
"baki","伯父；叔叔；舅舅[~baga拇指]"
"bakic","水 桶"
"balas","雄性"
"bale","真的；非常"
"balung","蛋；卵"
"baraq","肺"
"baro","上方；上面"
"baso","膿包"
"basu","公車；大巴士"
"bbaro"," 長"
"bbaro","高；長"
"bbaro","高瘦 ( 身材 )"
"bbatu","男用耳環"
"bberih","吐"
"bbrigan","商店"
"bbuyu","山林"
"bcebac","剖切"
"beebu"," 打；揍"
"begax","陰囊；睪丸"
"begu","湯"
"behing","工寮；獵寮"
"bekuy","捆綁"
"beluh","豆類"
"beluh","紅豆"
"beras jairay","在來米"
"beras pae","白米"
"beras paye","白米"
"beras","米"
"beras","米粒"
"berih","前面；前方"
"beru","乳豬"
"betaq","( 以銳器 ) 刺殺"
"betaq","( 從某處 ) 到某處"
"betun","踢"
"betur","踢"
"beyax","力量"
"beyo","uxe~很快"
"beyuq","汁液；蜜"
"bgihun","風"
"bgihur paru","颱風"
"bgihur","風"
"bgurah","新的"
"bhangan","聽"
"bhangi","聽"
"bhangun","聽"
"bhege","白色"
"bheniq plingan","釣竿"
"bheniq","弓"
"bibi","鴨"
"biciq","一點點；一些些"
"biciq","小；少"
"biciq","小的"
"bicul","蚯蚓"
"bilaq","動物的內臟"
"bindo","檳榔"
"biqan","給"
"biqun","給"
"birac","耳朵"
"biyugu","野鴿子"
"bkei","捆綁"
"bkeluy","下巴"
"bkeyan","捆綁"
"bkeyi","捆綁"
"bkeyun","捆綁"
"blebil","拉"
"blebul","香蕉"
"blebun","香蕉"
"bnaquy","沙土；沙子"
"bnaruy","買"
"bnege","贈送"
"bngehul","土蜂"
"bngehun","土蜂"
"bngehur","土蜂"
"bnkeyan","捆綁"
"bnrigan","價格、買"
"bnteran","踢"
"bobo mnekan","下午"
"bobo","上方；上面"
"bobo","未來"
"bobo","接續；之後"
"bolung","蝦"
"boxin","野百 合"
"boyak","山豬"
"bqani","給"
"brayo","姑婆芋"
"brigan","買"
"brigi","賣"
"brigun","買"
"brihuc","松鼠"
"briku","女用耳環"
"brkawe","李子"
"bruru","女用揹籃"
"bruru","簍 子"
"bruwa","雷"
"bsaniq","禁忌"
"bsukan","酒醉"
"bsuring","草原"
"btakan","竹子"
"btaqan","( 以銳器 ) 刺殺"
"btaqi","( 以銳器 ) 刺殺"
"btaqun","( 以銳器 ) 刺殺"
"bteran","踢"
"bteri","踢"
"bteriq","大腿"
"bterun","踢"
"btuku","圓形竹簍 ; 圓箕"
"btunux","石頭"
"bubu rudan","祖母(岳母；女性長輩如註)"
"bubu","母親"
"bukuy","背部"
"bunga wasi","( 白 ) 蘿蔔"
"bunga","甘藷"
"bunga","地瓜"
"bunuh","帽子"
"bunun","法器 ( 巫醫治病用 )"
"buuc kulo","肘；脛骨"
"buuc teerang","肋骨"
"byugu","野鴿子"
"caic","女性長褲"
"caic","褲子"
"camac"," 獵物 ( 統稱 )"
"cangi","胡瓜"
"capang","布匹；床被"
"capang","棉被；被子"
"capil","鞋子"
"cbuan","射；擲射；擲擊"
"cbuun","射；擲射；擲擊"
"cbuwan","射；擲射；擲擊"
"cceka","中間；之間"
"ceexan","劈"
"ceexi","劈"
"ceexun","劈"
"cehaq","舔 "
"ceka rabi","半夜"
"ceka","裂開"
"cenga","縫隙"
"cequn","勒脖子"
"cequr","勒脖子"
"ceyax","劈"
"chedil","重"
"chedin","重"
"chepan","舔"
"chepi","舔（祈使）"
"chepun","舔"
"cheya","味道"
"chngii","忘記（祈使、受事）"
"chngiyan","忘記 (處所)"
"chngiyun","忘記 (受事)"
"chungi","忘記 ( 祈使、原型 )"
"cida qhuni","樹枝；枝幹"
"cida","樹枝；枝幹"
"ciga","昨天"
"ciida","當時"
"cikul","推"
"cikun","推"
"ciyak qmluqun","胡瓜"
"ciyak","胡瓜、瓜類"
"ciyuk","回應"
"ckceka","中間；之間"
"ckulan","推"
"ckuli","推"
"ckulun","推"
"clokah","輕（重量）"
"clokah","輕快"
"cmebu","射；擲射；擲擊"
"cmehaq","舔"
"cmequn","勒脖子"
"cmequr","勒脖子"
"cmeyax","劈"
"cmhungi","忘記 (主事)"
"cmikul","推"
"cmikun","推"
"cmiyuk","回應"
"cmucac","舊的"
"cmuwaq","倒水"
"cnhepan","舔過的"
"cnkaxa","前天"
"cnkulan","推"
"cnikul","推"
"cnikun","推"
"cnwaqan","倒水"
"cqiran","噎到"
"cruhing tbihil","山蘇"
"cruhing","山蘇"
"cubu","球"
"culing","燙到"
"cumiq","跳蚤"
"cuqi","竹杯；竹筒"
"cuqi","杯子"
"cwaqi","倒入"
"cwaqi","倒水"
"cwaqun","倒水"
"cwqani","倒水"
"cyukan","回應"
"cyuki","回應"
"cyukun","回應"
"da","了；嗎；呢 ( 用在問句 )"
"daan","經過"
"dadan","親戚"
"dadal","親戚"
"daha kbekuy","兩百"
"daha","二；[~kbekuy兩百]"
"dahur qsiya","以杓汲水 ( 祈使 )"
"dahur","杓子；湯匙；[~qsiya以杓汲水 ( 祈使 )]"
"dai","可以做某事"
"daka","和；與"
"daling","近"
"damac","菜餚"
"damux","蓋屋頂"
"danga","撫養"
"dangi","朋友"
"dapa utux","大象"
"dapa","牛；[~utux大象]"
"dapin","腳印"
"dara","血；血液"
"daruk","油脂"
"daun","經過"
"daya","前面；前方；上面；北方"
"daykong tanah","胡蘿蔔"
"daykong","蘿蔔[~tanah 胡蘿蔔]"
"ddgiyaq","崇山峻嶺"
"ddilun","提著 ; 抬著"
"ddlian","提著 ; 抬著"
"de","當"
"dehuk","抵達；達到"
"dehuk","能夠"
"deliq dgiyaq","墻邊；山腳下"
"deliq","墻邊；[~dgiyaq山腳下]"
"demux pae","稻穀 ( 未去殼 )"
"demux","穀粒"
"derus","雄性動物的生 殖器"
"desan","帶（處所）"
"desi","帶（祈使，受事）"
"desun","帶（受事）"
"dgiyaq","山"
"dhequy","糯米"
"dheran gnutu","土石；土堆"
"dheran","泥土；塵土；土地"
"dheya","他們"
"di","了；嗎；呢 ( 用在問句 )"
"didensiya","腳踏車"
"didil","提著 ; 抬著"
"didin","提著 ; 抬著"
"dilan","提著 ; 抬著"
"dili","提著 ; 抬著"
"dilun","提著 ; 抬著"
"diyan","白天；晝日"
"dmai","馬"
"dmamux","蓋屋頂"
"dmanga","撫養"
"dmaus","紡紗"
"dmayo","幫忙"
"dmedax","天亮；光線；光芒"
"dmedax","亮；清楚；容易"
"dmengu","曬乾；烘烤"
"dmidil","提著 ; 抬著"
"dmidin","提著 ; 抬著"
"dmoi"," 拉"
"dmurang","陷獵"
"dmurun","禱告"
"dmuxun","蓋屋頂"
"dnamux","屋頂"
"dndilan","提著 ; 抬著"
"dngaan","撫養"
"dngaun","撫養"
"dngean","曬乾；烘烤"
"dngei","曬乾；烘烤"
"dngeun","曬乾；烘烤"
"dngeyan","曬乾；烘烤"
"dngeyun","曬乾；烘烤"
"dnkaan","一半"
"doi","拉"
"doku","毒"
"dooyan","拉"
"dooyun","拉"
"doriq","眼睛"
"dqeras","臉"
"dremus","露水"
"duhi","烤"
"duhun","烤"
"duhung","臼"
"dungan","又；再； 還要"
"dungus","用途；功用"
"dungus","目標；意義"
"dungus","意義；意思"
"durang","套頸式繩索陷阱"
"durang","捕鳥陷阱"
"duri","也"
"dyagan","幫忙"
"dyagun","幫忙"
"egu","( 人 ) 眾多；很多"
"egu","多"
"eguw","( 人 ) 眾多；很多"
"eguw","多"
"ekan","吃"
"elu pnharac","階梯；樓梯"
"elu","路；道路"
"eluk","關"
"eluw pnharac","階梯；樓梯"
"eluw","路；道路"
"encay","空心菜( 借，閩 )"
"eniq","( 居 ) 住；存在"
"epux","按 ( 壓 )"
"eruc","柱子；原木狀之建材"
"eyah","來"
"eyah","過來；來"
"ga hiya","在某處"
"ga","在"
"ga","在"
"gaga","在"
"gagi","鏡子"
"gakac","椅子"
"gamil","根"
"gatuk","啄"
"gaya","文化；律法；規範"
"gbilun","拔出；拔除"
"gdregan","休息、休息日[星期日]"
"ge","主題標記"
"geegan","挑選"
"geegi","挑選"
"geegun","挑選"
"gemuk","蓋子"
"geqi hido","( 日 ) 落"
"geqi","斜[~hido日落]"
"gesak","刮麻具 ( 竹製的 )"
"geyu","砍伐"
"gguyan","偷竊"
"gguyi","偷竊"
"gguyun","偷竊"
"gidi","頭飾"
"giigan","穀物乾燥簍"
"gikus","編網針；梭子"
"ginu","哪一個"
"gipu","雌性"
"gisu","未來"
"glahang","寬敞"
"glangan","研磨、碾米"
"glangi","研磨、碾米"
"glangun","研磨、碾米"
"gmaalu","疼愛"
"gmaalu","疼愛；愛護"
"gmabil","拔出"
"gmabil","拔除"
"gmabin","拔出"
"gmabin","拔除"
"gmao","挑選"
"gmarang","散撒"
"gmatuk","啄"
"gmaxan","混合"
"gmaxi","混合"
"gmaxun","混合"
"gmehaq","剝皮；掀開"
"gmerung","折斷"
"gmeyu","砍伐"
"gmhlama","蒸（飯）"
"gmihu","插"
"gmilang","研磨、碾米"
"gmimax","混合"
"gmrahuq","滑掉"
"gmruus","偷偷地"
"gmsegus","刷除"
"gmtange","依賴"
"gmuiraq","剖切"
"gmutu","堆積"
"gnbaruy","賣"
"gneyu","砍伐"
"gnmaxan","混合"
"gnreman","折斷"
"gntukan","啄"
"gnutu","[dheran~土石；土堆]"
"gnyean","砍伐"
"gqiyan","插"
"greman","折斷"
"gremi","折斷"
"gremun","折斷"
"gruus"," 偷偷地"
"gruusan","偷偷地"
"gruusun","偷偷地"
"gsegus","刷除"
"gsgesan","刷除"
"gsgesi","刷除"
"gsgesun","刷除"
"gtuan","堆積"
"gtui"," 堆積"
"gtukan","啄"
"gtuki","啄"
"gtukun","啄"
"gtuun","堆積"
"gtuwan","堆積"
"guguc papak","小腿肚"
"guguc","[~papak小腿肚]"
"gukuc"," 輪胎；輪子"
"gyean","砍伐"
"gyei","砍伐"
"gyeun","砍伐"
"ha","語尾助詞"
"habik","腰帶"
"hadan","送"
"hadi","送"
"hadun","送"
"hako pnkaro","階梯；樓梯"
"hako utux","彩虹"
"hako","橋樑；梯子；[~utux彩虹]"
"halung","槍"
"han","先"
"hanguc","燒、煮"
"haqul","搬運"
"haqun"," 搬運"
"hawak","男用遮陰布"
"hayan","先"
"hbaro","( 人 ) 眾多；很多"
"hbugan","[~qsiya添水]"
"hbugi","[~qsiya添水]"
"hbugun","[~qsiya添水]"
"hediq","讓開"
"heguc","吸；抽取"
"hei qhuni","水果"
"hei qhuni","植物的果實"
"hei","肉"
"hei","身體；肉；[~qhuni果實]"
"hema","舌頭"
"heya","他"
"hgetan","吸； 抽取"
"hgeti","吸；抽取"
"hgetun","吸；抽取"
"hhwaun","用途"
"hido","太陽"
"hii","那裡"
"hini","這裡"
"hiqul","肘；脛骨"
"hiqun","肘；脛骨"
"hiqur","肘；脛骨"
"hiriyo","肥料"
"hiryo","肥料"
"hiti","留下"
"hiya","那裡"
"hlmadac","獵刀"
"hlmadan","堂、表兄弟與堂、表姐妹"
"hlulas","口水"
"hmaduc","送"
"hmaluy","晾乾"
"hmanguc","燒、煮"
"hmaqul","搬運"
"hmaqun","搬運"
"hmeguc","吸；抽取"
"hmetun","禁止"
"hmetur","禁止"
"hmilo capang","蓋被子"
"hmilo","[~capang蓋被子]"
"hmiti kari","交代"
"hmiti","留下；[~kari交代]"
"hmreno","~trabus炒花生"
"hmrinas","超過"
"hmubu","[~qsiya添水]"
"hmubuw","[~qsiya添水]"
"hmuwa","如何"
"hmuwa","為什麼；如何"
"hngedan","燒、煮"
"hngedun","燒、煮"
"hngetan","吸；抽取"
"hniti","留下"
"hnqulan","搬運"
"hnrnasan","超過"
"hntiyan","留下"
"hnyegan","女性生殖器（隱喻）"
"ho","（好）嗎"
"hqulan","搬運"
"hquli","搬運"
"hqulun","搬運"
"hrenang","聲響"
"hrnasan","超過"
"hrnasi","超過"
"hrnasun","超過"
"hrulas","口水"
"hteran","禁止"
"hteri","禁止"
"hterun","禁止"
"hterun","擋；阻擋"
"htii","留下"
"htiun","留下"
"htiyan","留下"
"htiyun","留下"
"huda","雪；冰"
"huling","狗"
"hulis","笑"
"hunac","下面；下方"
"hungun","頂；尖"
"huriq","濕 ( 的 )"
"hwinuk","腰部"
"icil","一半"
"icin"," 一半"
"icux","~tnsyusan鍋鏟"
"idas","月亮"
"ido","飯"
"ima","誰"
"imah","喝"
"ina","媳婦"
"ini na","還"
"ini pyeeyux","不擁擠"
"ini sbhuri","不通風"
"ini","不可以"
"ini"," 沒有"
"inu","什麼地方；哪裡"
"inu","哪裡"
"iril","左邊"
"irin","左邊"
"ising","醫生"
"isu","你"
"ita","咱們 / 我們 ( 包含式 )"
"iya","不要"
"iya","別；不要 [ 祈使句用 ]"
"iyu","葯物"
"iyuk","吹氣；吹筒( 管 )"
"jairay","在來米"
"jidensiya","腳踏車"
"jiyuga","畫圖"
"jyuga","畫圖"
"ka","主格標記"
"kadi","網子 ( 魚網 )"
"kadi","網子"
"kadu rodux","雞寮；雞舍"
"kadu","[~rodux雞寮；雞舍]"
"kagun","鐮刀"
"kama","煮飯鍋"
"kana","全部"
"kana","都"
"kanna","全部"
"karac","天空 ；天候"
"karang","螃蟹"
"kari pnslutuc","故事"
"kari","語言；話語；故事"
"kawas","年；歲"
"kawin"," 鐮刀"
"kbberih","折返"
"kbekuy","一百；百"
"kchedil","重（否定、原型）"
"kchedin","重（否定、原型）"
"kciyuk","反抗"
"kcugan","害怕"
"kcugun","害怕"
"kcyukan","反抗"
"kcyukun","反抗"
"kdakil","[ini~未成熟的；未長成的]"
"kdesun","生活；[~msterung婚姻及家庭生活]"
"kdiye","蟬"
"kduruk","額頭"
"kedu","怎麼這麼..."
"keeki","舞"
"keeman","夜"
"keeman","晚上；夜晚"
"keguy","苧麻"
"kela","知道；會；能 ( 做某事 )"
"kenu","哪一個"
"keras","豌豆"
"keruc","鋸子"
"kesacu","警察"
"Khabu","平埔族"
"kheyu","站"
"Khilang","客家人"
"kii","因此；所以；那個"
"kiicu","害怕"
"kiicuw","害怕"
"kika","所以"
"kingal kbekuy","一百"
"kingal","一"
"kiya hari","待會兒；等一下"
"kiya","如此；像這樣"
"kiya","那個；就是；那樣因此；所以；是嗎；對嗎( 語助詞 )；如此；像這樣；[~hari待會兒；等一下]"
"kiyokay","教會"
"kklai","知道"
"klaali","天天；常常"
"klaali","經常"
"klaan","知道；會；能 ( 做某事 )"
"klabuy","紙張"
"klai","知道；會；能 ( 做某事 )"
"klaun","知道；會；能 ( 做某事 )"
"kleelu","[~lmiqu沿著山巒]；沿路"
"kleeluw","沿路；[~lmiqu沿著山巒]"
"klegan","種類"
"kmaguh","抓癢"
"kmaguh","搔癢"
"kmari","( 用鋤具 ) 挖掘；挖掘"
"kmciyuk","反抗"
"kmeeki","跳舞"
"kmemux","~baga握拳"
"kmeruc","切、鋸"
"kmetuy","採收"
"kmmekun","能夠"
"kmobu","以籠捕魚蝦"
"kmugah","~doriq睜眼"
"kmxalan","六十到九十的十"
"knbagah","驅蟲巫術"
"knbarux","借"
"knbgurah","犁；開墾"
"knbgurah","鋤頭；開墾"
"knbunuh","戴帽子"
"knciya","糖"
"kncugan","害怕"
"kncyukan","反抗"
"kndalax","從某處"
"kndkilan","生長"
"kneruc","切、鋸"
"knhenu","多少"
"knkawas","年；歲"
"knkawas; kawas","年；明年"
"knnarux","( 好 ) 痛"
"knrebu","埋染"
"knretan","切、鋸"
"knrian","( 用鋤具 ) 挖掘；挖掘"
"knriyan","( 用鋤具 ) 挖掘；挖掘"
"kntruwan","大後天"
"knuwan","什麼時候；何時"
"koco","校長"
"kodung","鉤子；鉤住"
"kori","冰；冰棒；冰塊"
"krao","涉水而過、越溪而過"
"kretan","錢；貨幣；( 硬幣 )；切、鋸"
"kreti","切、鋸"
"kretun","切、鋸"
"krian","( 用鋤具 ) 挖掘；挖掘"
"kriun","( 用鋤具 ) 挖掘；挖掘"
"kriyan","( 用鋤具 ) 挖掘；挖掘"
"kriyun","( 用鋤具 ) 挖掘；挖掘"
"krwaun","模仿；學習"
"kseedan","一雙"
"kteetu","( 走 ) 上坡"
"kteyi","採收"
"ktheya","[ini~不遠處]"
"ku","我"
"kui","蟲"
"kukuh","指甲"
"kulo","竹節[buuc~肘；脛骨]"
"kuluk","烏龜"
"kure","瘦"
"kusun","明天"
"kuung","黑暗；沒有夜光的夜晚"
"kuxul","喜歡"
"kyokay","教會"
"labu","包起來"
"laqi mqedil","女孩"
"laqi rseno","男孩"
"laqi","小孩；孩童"
"layan","綠豆"
"lbuan","包起來"
"lbui","包起來"
"lbuun","包起來"
"lbuwan","包起來"
"ldaxan","電；電燈"
"lduwan","~rulu車站"
"leban","關"
"lebi","關"
"lebi","關上"
"lebun","關"
"ledax","天亮；光線；光芒"
"leexan","亮；清楚； 容易"
"leexan","草原"
"lexi","竹筍"
"lhebun","心臟、胃"
"lhengo","洞穴；山洞；岩洞"
"lhuwan","串；把"
"liingan","藏起來"
"liingun","藏起來"
"liwaq","趕走"
"llaqi","小孩們"
"llebu","矮小、~biciq短小"
"lmabu","包起來"
"lmamu","摘取"
"lmanguy","游泳"
"lmeing","藏起來"
"lmengu","瞄準"
"lmepax","研磨；磨利"
"lmgelu","( 搖 ) 動"
"lmingis","哭"
"lmiqu","森林、山林"
"lmiwaq","趕走"
"lmngelung","想；想念"
"lmui","摘取"
"lmuun","摘取"
"lmuwan","摘取"
"lndaxan","天亮；光線；光芒"
"lneban","關"
"lngei","瞄準"
"lngelu","被 ( 搖 ) 動的"
"lngelu","搖動"
"lngelung","想；想念"
"lngeun","瞄準"
"lngeyun","瞄準"
"lngisan","哭"
"lngisun","哭"
"lnglungan","想；想念；想法"
"lnglungi"," 想；想念"
"lnglungun","想；想念"
"lnguwan","湖泊"
"lnmuwan","摘取"
"lnpaxan","研磨；磨利"
"lpaxan","研磨；磨利"
"lpaxi","研磨；磨利"
"lpaxun","研磨；磨利"
"lqlaqi","小孩（複數）"
"lubuy","袋子"
"lukus rseno","上衣 ( 男 )"
"lukus","衣服；[~rseno上衣 ( 男 )]"
"luqah","傷口"
"lutuc","子嗣；系譜；祖系；接續"
"lutuc; bobo","接續； 之後"
"lwaan","邀請；呼喊"
"lwai","邀請；呼喊"
"lwaqan","趕走"
"lwaqun","趕走"
"lwaun","邀請；呼喊"
"ma","和；與"
"maanu","什麼；幹嘛"
"macu","小米"
"madis","攜帶"
"maha","要去；可能；應該；立即；馬上"
"mahan","喝"
"mahi","喝"
"mahu"," 洗 ( 衣物 )"
"mahun","喝"
"malix","丟棄；放棄"
"malix","停止；休息"
"malu","好的"
"malu","好的；可以"
"malux","怎麼"
"mangal","拿取"
"manu","什麼；幹嘛"
"mapa","揹"
"mari","買"
"maruy","買"
"masu","分 ( 東西 )"
"masuw","分 ( 東西 )"
"matak","剪；理 ( 頭髮 )"
"mawak","牽"
"maxal daha","十二"
"maxal kbekuy","一千"
"maxal kingal","十一"
"maxal mmsepac","十八"
"maxal mmteru","十六"
"maxal mngari","十九"
"maxal mpitu","十七"
"maxal rima","十五"
"maxal sepac","十四"
"maxal teru","十三"
"maxal","十"
"mbahang","聽"
"mbeeba","腫"
"mbhege","白色"
"mbiki","彎曲"
"mblawa","紫色的"
"mbserux","懶惰"
"mbtunux","美麗；英俊"
"mbudu","瞎了"
"mcadiq","倒出 ( 溢出 ) ；灑 ( 噴 ) 水"
"mccabiq","溢出來"
"mccikul","互推"
"mccikun","互推"
"mcheya","很好吃"
"mdakil","長大"
"mdakil","攀爬；成長"
"mdayang","美麗；亮麗"
"mdayo","幫忙"
"mddayo","互相幫忙"
"mdengu","水份少的；乾"
"mdheriq; mdayang","漂亮；美麗"
"mdrumuc","勤勞"
"meeguy","偷竊"
"meepah","工作"
"meeyah","要來"
"mege","給"
"megul","綁住"
"mehu","豐收祭"
"mekan ido bbiyan","吃晚餐"
"mekan ido ceka naali","吃午餐"
"mekan ido mgrebu","吃早餐"
"mekan","吃 ( 東西 )"
"mekan","吃"
"mekuy","捆綁"
"meluk","關"
"meluq","生的；未熟的"
"memux","抱著"
"meniq","( 居 ) 住；存在"
"mering","汗水"
"metaq","( 以銳器 ) 刺殺"
"metul","踢"
"metun","踢"
"metur","踢"
"mexan"," 抱著"
"mexi","抱著"
"mexun","抱著"
"meyah","來"
"mgatuk","啄"
"mgcebu","射；擲射；擲擊"
"mgceyas","黃色的"
"mgdheran","咖啡色； 棕褐色；似泥土色"
"mgedang","遺失；死亡"
"mgeela","先；暫時"
"mgeriq"," 扭轉；駕駛"
"mgipuh","脆；易斷裂"
"mgleing","藏起來"
"mgqbulic","灰色"
"mgrebu caman","( 更 ) 早上"
"mgrebu","上午；[~caman(更)早上]"
"mgrebu","早上"
"mhada","熟； 成熟 ( 指水果 )"
"mhedu","完成"
"mhemuc","隨便"
"mheyal","扛"
"mheyan","扛"
"mheyu","站著"
"mheyu","起立"
"mhmetan","隨便"
"mhmeti","隨 便"
"mhmetun","隨便"
"mhqeni","渴"
"mhuma","種植"
"mhuqil","死亡"
"mhuqil","死亡"
"mhuriq","全濕透"
"mhuriq","濕 ( 的 )"
"mhuwe","[~su bale]謝謝"
"miicu","害怕"
"miicuw","害怕"
"milo","跳躍"
"mimah","喝"
"miri","浮織"
"miric","羊"
"miriq","壓制"
"misan","冬天"
"mita","看"
"miyan","我們、我們的"
"miyuk","吹 氣；吹筒( 管 )"
"mkaro","攀爬；成長"
"mkaxa","後天"
"mkela","知道；會；能 ( 做某事 )"
"mkerak","癢"
"mkesa","走路"
"mkkere","壯碩"
"mkkesa","走一走；逛一逛"
"mknedux","厚的"
"mkure","細；瘦"
"mlawa","邀請；呼喊"
"mlehe","百步蛇"
"mleun","[~huling狗吠聲]"
"mlgelu","振動；振盪；晃動"
"mllamu","各色各樣"
"mlukus","穿衣服"
"mmaha","要去"
"mmhemuc","隨便"
"mmsepac kmxalan","八十"
"mmsepac","八"
"mmteru kmxalan","六十"
"mmteru","六"
"mnanang","壯碩"
"mnangi","故意"
"mnarux","生病；痛"
"mneniq","曾居住"
"mndungus","正確"
"mnekan","吃過[bobo~下午]"
"mnemu","打碎"
"mnetun","遇到"
"mneyah","來過"
"mngangah","傻瓜；笨笨的"
"mngapan","鈍 ( 的 )"
"mngari kmxalan","九十"
"mngari","九"
"mngihur","辣；鹹； 苦"
"mnheyal","扛"
"mnheyan","扛"
"mnnangi","故意"
"mnosa","去過"
"mntena","一樣；相同"
"mntgao","挑選"
"mnusa","去過"
"mnuuka","從不"
"moda","經過"
"mooda","經過"
"mosa","去"
"mpesa","向人家要"
"mpika","跛腳"
"mpitu kmxalan","七十"
"mpitu","七"
"mpmepang","澀澀的 ( 味覺 )"
"mpmisan","秋天"
"mprbagan","春天"
"mpsluhe","學生"
"mptgesa","老師"
"mpusan daha","二十二"
"mpusan kingal","二十一"
"mpusan rima","二十五"
"mpusan sepac","二十四"
"mpusan teru","二十三"
"mpusan","二十"
"mqalux","黑色"
"mqaras","快樂"
"mqaras","高興"
"mqedil","女性；太太"
"mqedin","女性；太太"
"mqeni","渴"
"mquri","向某個方向( 地區 )"
"mremun","鹹"
"mremux","進入"
"mrengo","說"
"mridil","歪；斜"
"mriman","五十"
"mrqeraq","倒下"
"mrubu","軟"
"mrunu","地震"
"mrunun","地震"
"msange","休息"
"msange","休息；躺臥"
"msange","停止；休息"
"msapuh","醫生"
"msbasi","酸"
"msderux","直"
"mseyang","生氣；氣憤；漫罵"
"mseyang","漫罵"
"mshlmadan","異性兄弟姐妹( 含堂、表兄弟姐妹 )"
"msibus","甘甜"
"msiling","問"
"msliko","輕快"
"msluhe","學生"
"msngari","剩下"
"mspatun","四十"
"msqedil","夫妻；配偶"
"msqedil","配偶"
"msriko","輕快"
"msterung","結婚"
"msurung","陰天"
"msuwak","打哈欠"
"msuwan","雨停"
"mswae","分手；再見"
"mswae","分開"
"mswaye","分手；再見"
"mtanah","紅色"
"mtaqi","睡覺"
"mtbasi","酸"
"mtbeno","胖 ( 人 ) ； 粗( 物 )"
"mtengi","飽食"
"mterun kingal","三十一"
"mterun","三十"
"mtgiya","旋轉；轉"
"mtheyaq","玩耍"
"mtilux","燙"
"mtlibu","圍著某物"
"mtlulun","一雙；一對"
"mtswai","兄弟姊妹"
"mttilix","炎熱"
"mttilux","悶熱"
"mudu","柑橘"
"muduh","烤"
"muduh","烤"
"mugi","麥"
"muhing","鼻子"
"mukan","閩南人；平地人；漢人"
"murux","獨自一人；一個人"
"musa","去"
"muudus","活的"
"muure","餓"
"muuwic","累"
"muuxun","暖和；溫的"
"muuyas uyas","唱歌"
"muuyas","讀書"
"muwa","為什麼；如何"
"muxi qnabil","墻邊；山腳下"
"muxi","角落"
"myeeyux","擠"
"n-","屬格標記 ( 各 族用語 )"
"na","他的；尚；語尾助詞；還；[ini~ 尚未] "
"na",""
"nadis","攜帶"
"naka","可能；應該；立即；馬上"
"naka","應該；可能 ( 或許 )；[~ini 不該]"
"naku","我的"
"nami","我們的；我們 ( 排除式 )"
"namu","你們的"
"nanaq","自己 ； [kiya~僅僅這些]"
"nanji","幾點"
"napa","行李"
"naq","自己"
"naqah","不好；壞的"
"narac","右"
"nasi","如果"
"nbahang","據說；聽說"
"nbuyas","肚子"
"ndaan","經驗"
"ndheya","他們的"
"nduyung","脖子"
"nedang","價格"
"neepah mdengu","旱田"
"neepah","田[~mdengu旱田]"
"negul","繩索"
"neluk","門"
"ngalan","拿"
"ngali","使用"
"ngalun","拿"
"nganguc","外面；外頭"
"ngayan","名 字"
"ngiro","香菇"
"ngiyo","貓"
"ngucul","鼻涕"
"ngucun","鼻涕"
"ngungu","尾巴"
"nheya","他的"
"ni","在"
"nii","這個；在"
"nima","誰的"
"ninjin","胡蘿蔔"
"niqal","有；擁有"
"niqan","( 居 ) 住；存在"
"niqan","有"
"niqi","( 居 ) 住；存在"
"niqun","( 居 ) 住；存在"
"nisu"," 你的"
"nita","咱們的"
"nmahan","喝"
"nniqan","居住"
"nniqun","居住"
"ntenan","遇到"
"nteni","遇到"
"ntenun","遇到"
"nunuh","乳房"
"nuqah","苧麻線；生麻紗；麻絲"
"nyahan","來"
"olun","綁住"
"pacing","棉被"
"pada","山羌"
"pae","白米"
"pagang","棉被"
"pahung","膽囊"
"pai","伯母；嬸嬸；舅母"
"pais","敵人"
"pala","布匹；床被"
"palic","翅膀"
"papak","腳"
"parih","鋤頭；開墾"
"paru","大"
"patis","書；信件；[~hido時；點鐘]"
"paye","白米"
"payi","伯母；嬸嬸；舅母"
"pccehaq","互相舔、交配"
"pcequn","項鍊"
"pcequr","項鍊"
"pchepi","讓...舔"
"pciyuk","翻倒"
"pcqirun","使噎到"
"pcudu","下毒"
"pcupux","蟑螂"
"pdahung","[~quwaq嘴唇]"
"pdaus","蜻蜓"
"peeniq","留下"
"peeyah","使...來；從"
"peruq","破掉"
"pexi","壓住"
"pexun","壓制"
"pgerung","折斷"
"pgimax","攪動"
"pgmaxan","混以某物"
"pgriqun","扭轉；駕駛"
"pgyaun","禁忌"
"phelan","扛"
"pheli","扛"
"phelun","扛"
"phepah","花朵"
"pheyal","扛"
"pheyan","扛"
"pheyu","設置"
"pheyu","豎立；立下"
"phlani","扛"
"phrinas","超過"
"phrnasan","超過"
"phrnasi","超過"
"phrnasun","超過"
"pika","跛腳"
"pila","錢；貨 幣"
"pipi","女性生殖器"
"pixil","蔥"
"piya","多少"
"pkadi","以籠捕魚蝦"
"pkeruh","聲響"
"plaani","( 叫人 ) 過來"
"plabu","雲；霧"
"plale","蝴蝶；[~karic蝙蝠]"
"plaling","釣魚"
"pldaxun","照起來；照明"
"plingis","使哭"
"plmukan","閩南人；平地人；漢人"
"plngisun","哭"
"plpingan","妝扮飾物"
"pncqeran","已被掐過"
"pneeyah","使...來；從"
"pngerah","星星"
"pngerah","飯碗；碗"
"pngerah","碗；星星"
"pngucun","蝸牛"
"pnharac","[elu~ 階梯；樓梯]"
"pniqan","留下"
"pniqi","留下"
"pniqun","留下"
"pniri","浮 織"
"pnkari","據說；聽說"
"pnkaro","[hako~ 階梯；樓梯]"
"pnqidil","嫁給非本族群的族人"
"pnsqrelan","燒焦；烤焦；焦狀物"
"pntasan","圖紋"
"pntena","一樣；相同"
"posa","設置"
"ppatis","筆"
"pptasan","桌子"
"pqluli","[~qsiya將水排出 ( 疏減 )]"
"prading","開始"
"prayan","煮 ( 菜 )；烹煮 ( 飯 / 肉 / 地瓜 )"
"prayun","煮 ( 菜 )；烹煮 ( 飯 / 肉 / 地瓜 )"
"preko","蚊子"
"probo","蜘蛛"
"psdaling","少許；接近一點"
"psdhaun","催熟 ( 樹果 )"
"psetuq","扯斷"
"pshridi","煞住；煞車"
"pshrudi","煞住；煞車"
"pshuric","煞住；煞車"
"pskulu","蒸"
"psnganguc","廁所"
"psqama","燒"
"psqerun","燒焦；烤焦；焦狀物"
"psrading","~puniq點火"
"psteqi","扯斷"
"pstotuy","翻動"
"ptahu","生火"
"ptasan","桌子；書桌"
"ptebuk","撞到"
"ptebuk","撞擊某物"
"pungu","關節"
"puniq","火"
"puqan","吃"
"puqi","吃"
"puqun","吃"
"pure","煮 ( 菜 )；烹煮 ( 飯 / 肉 / 地瓜 )"
"puru","斧頭"
"puruc","野麻雀"
"pusu cida","樹枝；枝幹"
"pusu tasil","岩石"
"pusu","根"
"pusu","根部"
"puto","短"
"puyan","矛"
"puyaq","臀部"
"pyasan","唱歌[學校]"
"qada","丟棄；放棄"
"qalux","黑色"
"qapan","~papak腳掌"
"qapi","~btunux石壓式陷阱"
"qataq","夾子"
"qatun","污垢"
"qawan","~beluh豆芽"
"qbahang","聽"
"qbhangan","聽"
"qbhangi","聽"
"qbhangun","聽"
"qbheni","鳥"
"qbiciq","少許；接近一點"
"qbsiyaq","久的"
"qbsuran mqedil","姊姊"
"qbsuran rseno","哥哥"
"qbsuran","兄長；姊姊；長官 ( 高官 )"
"qbulic","~bagah炭灰"
"qbuwe","西番蓮；百香果；四季果"
"qcurux","魚"
"qdean","完成"
"qdeun","完成"
"qdeyan","完成"
"qdeyun","完成"
"qdiro","老鷹"
"qduriq","逃跑"
"qduwan","腋窩"
"qelung","木耳"
"qemi","閉 ( 眼睛 )"
"qerac","抓；捉"
"qeya","掛；戴"
"qeya","懸掛 ( 祈使 )"
"qhada","[ini~未成熟的]；[ini~未長成的]"
"qhdean","完 成"
"qhdean","完成"
"qhdeun","完成"
"qhdeyan","完成"
"qhedil","溫泉"
"qheding","溫泉"
"qhedu","完成"
"qhuni","樹；木柴"
"qhuriq","濕 (  的 )"
"qilu","頸子"
"qita","看"
"qlahang","照顧；看護"
"qlapo","床舖"
"qlhangan","照顧；看護"
"qlhangi","照顧；看護"
"qlhangun","照顧；看護"
"qlqahan","踏；踹"
"qlqahun","踏；踹"
"qmagas","山藥"
"qmalang","搭建圍籬"
"qmamas","醃漬 ( 祈使 )"
"qmango","跨過"
"qmbahang","聽"
"qmecul","掐；擰"
"qmemul","餵食( 人 )"
"qmepi","壓扁"
"qmerac","抓；捉"
"qmeya","掛；戴"
"qmiguc","咬"
"qmilic","剝 ( 花生、豆類 )；剝皮；削皮"
"qmita","看"
"qmita","看；拜訪"
"qmiyuc","咬"
"qmlahang","照顧；看護"
"qmleqah","踏；踹"
"qmluqun","生吃[ciyak~胡瓜]"
"qmnuqah","搓成線 ( 徒手 )"
"qmrequr","( 用手 ) 挖掘"
"qmulah","鋤草"
"qmuru","梗"
"qmuti","大便；上大號；~bgihur放屁"
"qmuyux","下雨"
"qnabil","牆壁；~harac石牆"
"qnawan","金屬線；電話；鐵釘；鐵線"
"qnburung","割"
"qndean","完 成"
"qndeyan","完成"
"qnedis","長的 ( 條狀物 )"
"qnedis","高；長"
"qnhdean","完成"
"qnhdeyan","完成"
"qnmasan","醃漬"
"qnteqic","啃"
"qolic","老鼠 ( 統稱 )；~qtehur ngungu田鼠"
"qoquq","鵝"
"qpatul","青蛙"
"qpatun","青蛙"
"qpatur","青蛙"
"qpii","壓扁"
"qpupu","獨立的小山頭"
"qqahan","樓梯"
"qrapan","抓；捉"
"qrapi","抓；捉"
"qrapun","抓；捉"
"qraqil","皮"
"qraqin","皮"
"qrengul","煙"
"qrengun","煙"
"qreti","枝條"
"qsiya","水"
"qtaan","看起來"
"qtahi","螞蟻"
"qtai","看"
"qtehur","胖 ( 人 ) ； 粗( 物 )"
"qtehur","粗 ( 物 )"
"quhing","頭蝨"
"qulic","~runge檜木"
"qulung","必須；一定"
"qumi","針；編網針；梭子"
"ququq","鵝"
"quri","向某個方向( 地區 )"
"quti rodux","番石榴"
"quti","糞便；~rodux番石榴"
"quwaq","嘴巴"
"quyu","蛇"
"quyux","雨；下雨(否定句)"
"qyaan","掛； 戴"
"qyaun","掛；戴"
"qyqeya","工具；~pllingan釣具"
"qyutan","咬"
"qyuti","咬"
"qyutun","咬"
"rabu","幼苗；種苗"
"raguh","開"
"rahur","( 人 ) 眾多；很多"
"rai","姻親"
"rako","彩色；顏色"
"rapic","飛鼠"
"raqic","箭矢"
"ratang","傳統女上 衣"
"rawa","籃子"
"rbagan","夏天"
"rbegan","浸泡"
"rbegun","浸泡"
"rcilung","海"
"rdrudan","老人們"
"rehak","種子"
"remux","進入"
"rengo","說"
"repun","倉庫；穀倉"
"requn","吞下"
"rhengun","庭院；家屋前"
"rhenuk","野草莓"
"rheqi","剝皮；掀開"
"rhequn","剝皮；掀開"
"rhugan","鎖上"
"ribo","弧形 ( 底 ) 鍋"
"ribun","傳統女裙；裙子"
"ricah","梅子"
"rima","五"
"riso","青年"
"rkebul","胃"
"rkelic","豹"
"rmala","過貓"
"rmebu","浸泡"
"rmehaq","剝皮；掀開"
"rmehaq","剝樹皮；削皮"
"rmengo","說"
"rmequn","吞嚥"
"rmeus","掩埋"
"rmicuh","擦 ( 口紅；油漆 )"
"rmiyux","換；替換"
"rmteruc","揉搓"
"rmudu","弄亂；亂翻"
"rmune","腎臟"
"rnecux","水患；土石；土堆"
"rngagan","說"
"rngagi","告訴 ( 別人 )"
"rngagi","說"
"rngagun","說"
"rngawan","說"
"rngedi","蒼蠅"
"rnteruc","搓揉"
"rodux","雞"
"rqeling","細"
"rqenan","喉嚨"
"rqeni","吞嚥"
"rqenux","水鹿"
"rrudan","老人們"
"rseno","男子；男人 ；男性"
"rsriso","青年們"
"rudan","老人家；族老；( 塊莖 ) 過老；過熟"
"rudu","窩巢"
"rulu","車子；~puniq火車"
"rulun","門牙"
"rumun","肝臟"
"runge","猴子"
"runu","地震"
"runun","地震"
"rupun","牙齒"
"ruru","小溪"
"rusuq","瓶子"
"rutiq","髒"
"ryuxan","換；替換"
"ryuxun","換；替換"
"saadis","帶（周邊）"
"saadux","很硬；很緊"
"saan","去"
"sai","可以 ( 做某事 )"
"sama","青菜"
"sapah pyasan","學校"
"sapah","家"
"sapuh","巫術"
"sara","菜盤；盤子"
"sari","芋頭"
"sasing","相 片"
"saso","影子；蔭影"
"saun","去"
"saya ba","剛剛"
"saya","現在；ali~今天"
"sbbaang","~mtaqi側臥 ; 彎曲"
"sbbengux","酸臭"
"sbege","給"
"sbengux","酸臭"
"sbetan","用條狀物打"
"sbeti","用條狀物打"
"sbetun","用條狀物打"
"sbgihur paru","刮颱風"
"sbgihur","刮風[刮颱風]"
"sbhuri","通風[ini~ 不通風]"
"sbiki","檳榔"
"scebu","射；擲射；擲擊"
"schungi","忘記 (周邊)"
"sciyuk","回應"
"sdahal","靠著"
"sdahan","靠著"
"sdahar","靠著"
"sdara","流血"
"sddema","做惡夢"
"sdheriq","滑"
"sdoi","拉"
"sdrapan","追"
"sdrapi","追"
"sdrapun","追"
"seban","揹帶"
"sebuc","用條狀物打"
"seedan","黏著；附著"
"seediq naqah","流氓"
"seediq","人；人類；本族的自稱用語"
"Seediq","本族的自稱用語"
"seegul","綁住"
"seeliq","浪費；破壞"
"seengi","量測"
"seexan","尿急或急著想上大號"
"seno","丈夫"
"sepac","四"
"sepi","夢"
"sero","杵"
"serus","橡皮擦；擦拭"
"sgaalu","好可憐"
"sgaalu","疼愛；愛護"
"sgabil","拔出；拔除"
"sgabin","拔出；拔除"
"sgao","挑選"
"sgatuk","啄"
"sgeyu","砍伐"
"sggelu","振動"
"sgutu","堆積"
"shanguc","燒、煮"
"sibus","甘蔗"
"sika","鍬形蟲"
"singas","卡 ( 夾 ) 在牙縫之物"
"singhu","神父"
"sino","酒"
"sipa","霜"
"sisi","篩子；濾酒渣網"
"siyang","豬肉"
"siyo rcilung","海邊"
"siyo","旁邊"
"siyujo","修女"
"skadi pusu","找碴"
"skadi","尋找；~pusu找碴"
"skato","裙子"
"skciyuk","反抗"
"skgulan","遣使"
"skgulun","遣使"
"skiya","飛"
"skluwi","嚇一跳"
"skpahung","懷孕"
"slau","梳子"
"slengu","瞄準"
"slhae","學習"
"slhai","學習"
"slhayan","學習"
"slhaye","學習"
"slhayun","學習"
"slingan","詢問"
"slingi","詢問"
"slingun","詢問"
"sliqan","~rmaguh撬開"
"sliqan","浪費；破壞"
"sliqi","浪費；破壞"
"sliqun","浪費；破壞"
"slleung","睏 ( 想睡覺 )；打瞌睡"
"slluhe","學習"
"slmadac","獵刀"
"slmean","製作；修繕"
"slmei","製作；修繕"
"slmeun","製作；修繕"
"slmeyan","製作；修繕"
"slokah","輕（重量）"
"smalu","製作；修繕"
"smapo","鋪床"
"smari","叫喚 ( 家禽家畜 )"
"smaruk","燒 ( 毛 )"
"smaso","觀察"
"smawiq","剝葉"
"smdamac","慶祝"
"smdurak","追；~ qmerac追捕"
"smebuc","用條狀物打"
"smeeliq","浪費；破壞"
"smekun","側臥 ; 彎曲"
"smekur","摺疊"
"smepu","數；算"
"smerus","擦拭"
"smesung","慶祝；慶典"
"smeung","量測"
"smgesak","剝葉"
"smiling","詢問"
"smipaq tnabu","殺牲畜"
"smipaq","砍；~tnabu殺牲畜"
"smkagul","遣使"
"smkela","趕上"
"smkuxul","喜愛"
"smluhe","學習"
"smmalu","製作；修繕"
"smnetur","整理"
"smrahuq","遲到"
"smratuc","播種祭"
"smruwa","答應；允諾"
"smseman","慶祝；慶典"
"smsemi","慶祝；慶典"
"smsemun","慶祝；慶典"
"smuyuk","搓成線 ( 徒手 )"
"snalu","製作；修繕"
"snbrangan","矛"
"sndamac","你好"
"sndiyan","找到"
"sndrapan","追"
"snegil","山櫻花"
"snegin","山櫻花"
"snetur","收拾；整理"
"snhiyun","相信"
"snkagun","遣使；誘餌"
"snkenux","聞；味道"
"snkesik","打掃"
"snkgulan","遣使"
"snlhayan","學習"
"snlingan","詢問"
"snliqan","浪費；破壞"
"snluhe","學習；練習"
"snlmeyan","製作；修繕"
"snpegan","數；算"
"snquri","削"
"snrebu","撒尿；小便"
"snrmuwan","粥"
"sntama","依賴"
"snteri","收拾"
"snterung","接 ( 人 )"
"sntmaqan","稀爛的"
"sntruwan","大前天"
"snuunux","頭髮"
"so klaun","也許；或許"
"so","如、像是[anaq~kenu不論]、[~nii如此；像這樣"
"soko","倉庫"
"soni","剛才"
"sope","鏟子"
"soyu","醬油"
"spaux","倒 ( 下 )"
"spegan","數；算"
"spegi","數；算"
"spegun","數；算"
"speriq","草"
"spesak","扇子"
"sprui","尊敬"
"sputu","鳳梨"
"sqama","燃燒"
"sqerun","燒焦；烤焦"
"squri","削子"
"squwaq","吵鬧"
"srahuq","遲到"
"srahuq","遲到"
"sraki","遣使；誘餌"
"sraki","餌"
"sreesa"," 天黑；傍晚；黃昏"
"sriso","年輕時"
"srkunux","咬人貓"
"srnecux","水患"
"srqemu","玉米"
"srwaan","答 應；允諾"
"srwai","答應；允諾"
"srwaun","答應；允諾"
"stemaq","稀爛的"
"stenge","滿滿"
"su","你的"
"sudu","雜草；~pae稻草"
"sugan","分 ( 東西 )"
"sugi","分 ( 東西 )"
"sugun","分 ( 東西 )"
"sujio","修 女"
"sujo","修女"
"sujyo","修女"
"sule","女性生殖器"
"sume","熊"
"sunguc","樹豆"
"supih","湯鍋；煮飯鍋"
"swae","再見"
"swai mqedil","妹 妹"
"swai rseno","弟弟"
"swai","弟弟；妹妹"
"ta","我們（包含式）"
"taan","看"
"tabul","犁耙"
"tai","看"
"taku","杓子；湯匙"
"takun","跌 倒"
"tama rudan","祖父( 岳父；男性長者如註 )"
"tama","父親"
"tanah","紅色"
"tapan","剪；理 ( 頭髮 )"
"tapi","剪；理 ( 頭髮 )"
"tapun","剪；理 ( 頭髮 )"
"tara tikuh","（請）等一下"
"tara","等待"
"tbbiqil","甲狀腺腫"
"tbbiqir","甲狀腺腫"
"tbburux","獨自一人"
"tbesan","篩；篩子；篩穀物；篩穀器具"
"tbsengu","打噴嚏"
"tdiyan","( 獵物被 ) 陷中"
"tdiyung","虎頭蜂"
"tdoruy","滾落"
"teerang","胸部"
"tekung","貓頭鷹"
"Telu","外省人； 漢人"
"tennaw","電腦"
"tenping siyang","電冰箱"
"tequl","捕鳥陷阱"
"tequn","捕鳥陷阱"
"terebi( 借，日 )","電視"
"terebi","電視"
"teru","三"
"texal","一次"
"texan","一次"
"tgdiyan","打架"
"tgelaq","瀑布"
"tgilaq","閃光；閃電"
"tgleing","藏起來"
"tgsaan","教 ( 人 ) ；告訴別人"
"tgsai","教 ( 人 ) ；告 訴別人"
"tgsaun","教 ( 人 ) ；告訴別人"
"tgwilaq","閃光；閃電"
"thbehuk","悶熱"
"theya","遠"
"theyaq","玩；玩耍；走訪"
"thido","出太陽"
"thmuku","低下頭；敬禮"
"thuwe","慢慢"
"tikuh","一點點；一些些"
"tikuh","小；少"
"timu","鹽"
"tkanun","搗碎"
"tkriyak","出現；出來"
"tlahi","柚子"
"tleetu","冷；物 體是冷的"
"tleetu","稍涼"
"tllingis","哭著的"
"tloung","坐下"
"tmabu","飼養；豢養"
"tmabu","餵食( 動物 )"
"tmabul","犁；開墾"
"tmaku","菸草"
"tmara","等待"
"tmaruy","觸碰；觸摸"
"tmatak","砍除"
"tmaus","招手"
"tmediq","腳踏車"
"tmeetu","剁"
"tmekan","搗；碾 ( 米 )"
"tmekan","碾 ( 米 )"
"tmelung","觸碰；觸摸"
"tmgesa","教 ( 人 ) ；告訴別人"
"tminun","編織"
"tmlenga","陷獵"
"tmqari","找碴"
"tmukuy","播種"
"tmulus","拖"
"tmurak","南瓜"
"tnabus","米糠"
"tnais","一下子；先；暫時"
"tnemu","捏碎；敲碎"
"tnkaxa","整天"
"tnnais","一下子； 先；暫時"
"tnnesan","一下子；先；暫時"
"tnnesun","一下子；先；暫時"
"tnsapah","全家"
"tnsiyus","炒 ( 飯菜 )"
"tntingan","生日"
"tnugesa","教 ( 人 ) ；告訴別人"
"tokan","~nuqah男用背負網袋"
"tokei","手錶；鐘"
"toma","某物之下"
"tomato","蕃茄"
"torih","胸擋巾；肚兜"
"toruq","水管"
"tpunu","枕頭"
"tqbequq","眼鏡蛇"
"tqeraq","躺"
"tqeriq","躺臥"
"tqrii","倒入"
"tquti","放屁"
"tqwilaq","閃光；閃電"
"tqwilaq","閃光；閃電"
"traan","等待"
"trai","等待"
"trasi","斗笠；雨傘"
"traun","等待"
"trhurah","崩落"
"trima","洗澡及洗身體其他部位"
"trqeraq","倒 ( 下 )"
"truma","下面；下方；裡面；內"
"tsawi","~phido晾乾"
"ttalang","跑 ( 祈使 )"
"ttqiyan","睡覺"
"ttuyan","起床"
"tudiq","雨滴；水滴"
"tunux","頭"
"turuq","痰；濃痰"
"tuting","掉落 ( 植物的果實 )；鐵鎚"
"tutu","水桶"
"tutuy","起來；起床"
"tuwax","梗"
"tyaqung","烏鴉"
"uban","毛"
"ubung","蓋子"
"ucik","辣椒 ( 通稱 )"
"udong","麵粉；麵製品"
"uduh","烤"
"uka","沒有 [ 表擁有的否定 ]"
"ulan","綁住"
"uli","綁住"
"ulun","綁住"
"un","是的"
"uqan","吃"
"uqi","吃"
"uqun","吃"
"uruk","幼犬；雛狗"
"urung","( 動物的 ) 角"
"usa","去"
"usuk","袖子"
"utun","蚱蜢"
"utux","神；鬼；鬼魂"
"uweewa","小姐們；姑娘們"
"uxe","不"
"uyas","歌"
"uyung","( 建物 ) 後面"
"wada","去了"
"waga","在"
"wahil","藤類 ( 蔓枝植物 )"
"wahu","頭帶 ( 女用背籃用 )"
"wakan","牽"
"wakun","牽"
"walu","蜜蜂"
"wano","~naq只有"
"ware","線；麵；~nuqah織布用的素麻線；~uban", "lv": "毛線"
"wasi","植物鬚根[bunga~( 白 ) 蘿蔔]"
"waso","葉子"
"wata","棉花"
"wawa baga","手指"
"wawa","肉[~baga 手指]"
"we","主題標記"
"weewa","小姐；姑娘"
"wetun","催熟 ( 樹果 )"
"witun","催熟 ( 樹果 )"
"xiluy","鐵釘；鐵線"
"yaani","也許；或許"
"yahan","來"
"yahi","來"
"yahun","來"
"yaku","我"
"yami","我們"
"yamu","你們"
"yayu","刀"
"yayu","菜刀"
"yayung","河流"
"ye","疑問詞"
"yqeyaq","水田"
"yupan","吹氣；吹筒( 管 )"
"yupi","吹氣；吹筒( 管 )"
"yupun","吹氣；吹 筒( 管 )"
"yxeyux","細；瘦"
"zidensiya","腳踏車"}
